AB technik, spol. s r.o.;jiri.ondrejka@solight.cz;www.abtechnik.cz
ABC - ŠROUB, spol. s r.o.;adam.sokolovsky@solight.cz;www.abcsroub.cz
ABRMAN s.r.o.;marian.kusik@solight.cz;www.abrman.sk
ACD s.r.o.;marian.kusik@solight.cz;www.acd.sk
AEB s.r.o.;adam.sokolovsky@solight.cz;www.shopgsm.cz
AKTAON s.r.o.;radoslav.juricek@solight.cz;www.aktaon.sk
ALARM ABSOLON, spol. s r.o.;jiri.ondrejka@solight.cz;www.absolon.cz
ALFEX a.s.;marian.kusik@solight.cz;www.alfex.sk
A-LIGHT s.r.o.;jiri.ondrejka@solight.cz;www.a-light.cz, www.e-light.cz
ALTIS - Polák Lubomír;ivan.slovak@solight.cz;https://www.altis.sk/
Alza.cz a.s.;jan.karal@solight.cz;www.alza.cz
Alza.cz a.s. - SK;jan.karal@solight.cz;www.alza.sk
AMI Náplava Zlín spol. s r.o.;jiri.ondrejka@solight.cz;www.pohrebnisluzbazlin.cz
ANDREA SHOP s.r.o.;ivan.slovak@solight.cz;https://www.andreashop.sk/, https://andreashop-sala.sk/
AP Solutions s.r.o.;jiri.ondrejka@solight.cz;www.ap-solutions.cz
Apolo77 s.r.o.;jiri.lebduska@solight.cz;www.bighit.cz
Argon systems - Karel Vávøe;pavel.urda@solight.cz;www.argon.cz
ARGOS ELEKTRO, a. s.;pavel.urda@solight.cz;www.argos.cz
ARIES IT s.r.o.;marian.kusik@solight.cz;www.arishop.sk
Asaler, spol. s r. o.;radoslav.juricek@solight.cz;www.svietidla-asaler.sk
ASBIS SK spol. s r.o.;marian.kusik@solight.cz;www.online.asbis.sk
ASPERA elektro s.r.o.;pavel.urda@solight.cz;www.aspera.cz
ATARION, s.r.o.;jiri.ondrejka@solight.cz;www.atarion.cz
ATOS spol. s r.o.;michal.skalik@solight.cz;www.atoselektro.cz, www.hityshop.cz
AXIMA, spol. s r. o.;jiri.ondrejka@solight.cz;www.axima.cz
AZ FOTO s.r.o.;jiri.ondrejka@solight.cz;www.azfoto.cz
A-Z STROJ spol. s r.o.;adam.burkus@solight.cz;https://www.a-zstroj.sk/
Baloun Jiøí;pavel.urda@solight.cz;www.mojepekarna.cz, www.mojipomocnici.cz, www.pekarny.unas.cz
BAUHAUS  k.s.;jiri.ondrejka@solight.cz;www.bauhaus.cz
BAUHAUS odborné centrum pre dielòu, dom a záhradu k. s.;jiri.ondrejka@solight.cz;www.bauhaus.sk
BEGA ELEKTRO s.r.o.;radoslav.juricek@solight.cz;www.begaelektro.sk
BE-LIGHT, s.r.o.;adam.sokolovsky@solight.cz;www.ledshopik.cz
Benjamin Janiska - Ben;marian.kusik@solight.cz;www.price-mag.net
Bi Esse Cz s.r.o.;pavel.urda@solight.cz;www.biesse.cz
BigON s.r.o.;ivan.slovak@solight.cz;https://www.bigon.sk/
BOSS TIMER s.r.o.;adam.sokolovsky@solight.cz;www.bosstimer.cz
BRNO INN, a.s.;jiri.ondrejka@solight.cz;www.hibrno.cz
BRUFUS s.r.o.;jiri.lebduska@solight.cz;www.brufus.cz
B.U.Pro s.r.o.;pavel.urda@solight.cz;www.bupro.cz
CASCA Svietidlá s.r.o.;radoslav.juricek@solight.cz;www.casca.sk
CASCADE - kuchynì s.r.o.;adam.sokolovsky@solight.cz;www.e-cascade.cz
CB elektro s.r.o.;marian.kusik@solight.cz;www.cbelektro.sk
CB-elektro - Peter Takács;marian.kusik@solight.cz;www.cbelektro.sk
Cenková Alena;jiri.ondrejka@solight.cz;www.dumzarovek.cz
Chmelaø Jiøí - LIBOLI s.r.o.;pavel.urda@solight.cz;www.liboli.cz
Chmelaøová Eva;pavel.urda@solight.cz;www.elektro-chmelar.cz
Chovaniok Jan;pavel.urda@solight.cz;www.elcho.cz
Chytré elektro s.r.o.;jiri.pacl@solight.cz;www.chytreelektro.cz, www.chytreelektro.sk
COMFORT LIGHT s.r.o.;jiri.lebduska@solight.cz;www.spolehliva-svitidla.cz
CONSULTA BÜROTECHNIK, s.r.o.;adam.sokolovsky@solight.cz;www.consulta.cz
CZC.cz s.r.o.;jan.karal@solight.cz;www.czc.cz
Datacomp s.r.o.;marian.kusik@solight.cz;www.datacomp.sk
DD Technik s.r.o.;pavel.vogeltanz@solight.cz;www.ddtechnik.cz
DG Tip s.r.o.;jiri.ondrejka@solight.cz;www.dgtip.cz
DIGICOM, s.r.o.;ivan.slovak@solight.cz;https://digicom.sk/
Dom svetla - Ing. Alojzia Kytková;radoslav.juricek@solight.cz;www.domsvetla.sk
DOMOSS TECHNIKA a.s.;ivan.slovak@solight.cz;https://www.domoss.sk/
D&P Group s.r.o.;pavel.urda@solight.cz;www.fishonghouse.cz
DRUMEL ENERGY s.r.o.;pavel.urda@solight.cz;www.drumelenergy.com
dstechnik.cz s.r.o.;pavel.vogeltanz@solight.cz;www.dstechnik.cz
DÙM, PARKY A ZAHRADY s.r.o.;jiri.lebduska@solight.cz;e-elektromaterial.cz
ECO PRODUKT s.r.o;radoslav.juricek@solight.cz;www.ecoprodukt.sk
eD system a.s.;marian.kusik@solight.cz;www.edshop.edsystem.cz
EIM elektro s.r.o.;jiri.ondrejka@solight.cz;www.eimelektro.cz
EKOSTYREN s.r.o.;jiri.lebduska@solight.cz;www.kancelar24h.cz
ELBEA s.r.o.;radoslav.juricek@solight.cz;www.elbea.sk
Electro World s.r.o.;jiri.ondrejka@solight.cz;www.electroworld.cz
ELEKTRO - HAL s.r.o.;radoslav.juricek@solight.cz;www.elektrohal.sk
ELEKTRO - PEGAS s.r.o.;jiri.ondrejka@solight.cz;www.elektropegas.cz
ELEKTRO HADRAVA s.r.o.;lukas.nemec@solight.cz;https://www.elektrohadrava.cz
ELEKTRO Jemnice s.r.o.;lukas.nemec@solight.cz;http://www.elektrojemnice.cz/
Elektro S.M.S s.r.o.;pavel.urda@solight.cz;www.shop.elektrosms.cz, www.elektrosms.cz
ELEKTRO-Bubeník s.r.o.;lukas.nemec@solight.cz;http://www.elektro-bubenik.cz/eshop/index.html
Elektrocentrum trading s.r.o.;pavel.urda@solight.cz;www.e-centrum.cz
ELEKTROCENTRUM ZNOJMO 95 s.r.o.;pavel.urda@solight.cz;www.e-centrum.cz
ELEKTROMAX Róbert Mihálik;ivan.slovak@solight.cz;https://www.elektromax.sk/
ELEKTROSPED, a. s.;jiri.pacl@solight.cz;www.datart.cz, www.proton.cz, www.kasa.cz, www.hej.sk, www.euronics.cz
ELETUR s.r.o.;pavel.urda@solight.cz;www.eletur.cz
ELFETEX s.r.o.;pavel.urda@solight.cz;www.elfetex.cz
Elim - Elektro s.r.o.;radoslav.juricek@solight.cz;www.elim.sk
ELISCH s.r.o.;pavel.vogeltanz@solight.cz;www.led-elektro.cz
ELMA - Nováèek Pavel;pavel.urda@solight.cz;www.elma.cz, www.nej-svitidla.cz
ELMAREX s.r.o.;pavel.urda@solight.cz;www.elmarex.cz
ELMAX STORE a.s.;adam.burkus@solight.cz;www.elmax.cz
ELOB systems, s.r.o.;pavel.urda@solight.cz;www.elob.cz
Elpremo s.r.o.;pavel.urda@solight.cz;www.elpremo.cz
ELPRO profi s.r.o.;adam.sokolovsky@solight.cz;www.elproshop.cz
Eltasat Group s.r.o.;michal.skalik@solight.cz;www.eltasat.cz
E.M.A.-ELEKTROMATERIÁL spol. s r.o.;radoslav.juricek@solight.cz;www.ema-elektro.sk
EMU elektro s.r.o.;radoslav.juricek@solight.cz;www.emudk.sk
EPA svítidla s.r.o.;jiri.lebduska@solight.cz;www.epasvitidla.cz
Eraled s.r.o.;radoslav.juricek@solight.cz;www.eraled.sk
Esat,s.r.o;radoslav.juricek@solight.cz;www.esat.sk, www.L222.sk
eSvìtlo CZ s.r.o.;pavel.vogeltanz@solight.cz;www.esvetlo.cz
eTESTAMENT s.r.o.;adam.sokolovsky@solight.cz;www.amtoleje.cz
EURONICS Prievidza s.r.o.;ivan.slovak@solight.cz;https://skyelektro.sk/
Exasoft Holding a.s.;michal.skalik@solight.cz;www.exasoft.cz
EXIMUS CS, s.r.o.;adam.sokolovsky@solight.cz;www.obchod.eximus.cz/eshop
expert ÈR s.r.o.;jiri.ondrejka@solight.cz;www.expert.cz
Ferko Jozef - AV-EL mak.;marian.kusik@solight.cz;www.avelmak.sk
Fiera a.s.;lukas.nemec@solight.cz;http://www.fiera.cz/
FISMONA s.r.o.;adam.sokolovsky@solight.cz;www.azbox.cz
FLAMEX - Stavebniny 2000 s.r.o.;jiri.ondrejka@solight.cz;www.flamex.cz
Fojtík Jiøí;adam.sokolovsky@solight.cz;https://surpanshop.cz/
Fukar Luboš;jiri.ondrejka@solight.cz;www.avt.cz
Fulín Jan;jiri.lebduska@solight.cz;www.svitidla-fulin.cz
Gadgets House s.r.o.;martin.kroliczek@solight.cz;www.uzasne-darky.cz/
G.A.S. a.s.;jiri.ondrejka@solight.cz;www.gas-as.cz
GASTROMEX s.r.o.;jiri.lebduska@solight.cz;www.gastromex.cz
GES-ELECTRONICS a.s.;pavel.urda@solight.cz;www.ges.cz
Global elektro s.r.o.;lukas.nemec@solight.cz;https://www.elektrospecialista.cz/
GM electronic s.r.o.;pavel.urda@solight.cz;www.gme.cz
Gregáò Vladimír;radoslav.juricek@solight.cz;www.vgelektro.sk
HANZEL spol. s r.o.;adam.sokolovsky@solight.cz;www.riteli.cz
HEINZ - ELEKTRO s.r.o.;jiri.ondrejka@solight.cz;www.heinz-elektro.cz
Hexempo, s.r.o.;radoslav.juricek@solight.cz;www.hexempo.sk
HODR Servis s.r.o.;adam.burkus@solight.cz;https://www.infraobchod.cz/
HP TRONIC Zlín s.r.o.;jiri.pacl@solight.cz;www.datart.cz, www.proton.cz, www.kasa.cz, www.hej.sk, www.euronics.cz
Hrabcová Dagmar - ETD Elektro;pavel.vogeltanz@solight.cz;www.eshop.etd.cz
Hrbek Václav;adam.sokolovsky@solight.cz;www.prolov.cz
Hromek Josef;jiri.ondrejka@solight.cz;www.svitidla-elektro.cz
Hrubý Petr;pavel.urda@solight.cz;www.hpeshop.cz
HVFree s.r.o.;pavel.urda@solight.cz;www.hvfree.net
Hyper Elektro, v.o.s.;jiri.ondrejka@solight.cz;www.hyperelektro.cz, www.hyperelektro.sk
i-center s r.o.;radoslav.juricek@solight.cz;www.i-center.sk
Inform Data a.s.;jiri.ondrejka@solight.cz;www.inform.cz
Integral - CZ, spol. s r.o.;adam.sokolovsky@solight.cz;www.lightmarket.cz
Interiéry CZ s.r.o.;pavel.urda@solight.cz;www.interierycz.cz
Internet Mall, a.s.;jan.karal@solight.cz;www.mall.cz, www.mall.sk
INTER-SAT LTD, organizaèní složka;adam.sokolovsky@solight.cz;www.inter-sat.cz
IP - TRADING, s. r. o.;jiri.ondrejka@solight.cz;www.iptrading.cz
ISC Communication Czech a.s.;jiri.pacl@solight.cz;www.isccz.eu
JANÈA & EMAS group s.r.o.;pavel.urda@solight.cz;www.emas.cz
Janovská Petra;michal.skalik@solight.cz;www.harmony-shop.cz
Jaøáb Libor J+M;michal.skalik@solight.cz;www.nej-ceny.cz
Ježková Pavlína Bc.;pavel.urda@solight.cz;www.nakuplevne.net
JUBA elektro s.r.o.;radoslav.juricek@solight.cz;www.jubaelektro.sk
K & V ELEKTRO a.s.;jan.karal@solight.cz;www.kvelektro.cz
KAMAT spol. s r.o.;radek.kurecka@solight.cz;www.kamat.cz
Kapek Josef st.;pavel.urda@solight.cz;www.wonderful-lighting.cz
KATES s r.o.;radoslav.juricek@solight.cz;www.kates.sk
K+B Progres a.s.;jiri.ondrejka@solight.cz;www.ecprodejny.cz, www.kbexpert.cz
K+B Progres, a.s., org. zložka;jiri.ondrejka@solight.cz;www.k-b.sk
KLAZA spol. s r.o.;pavel.urda@solight.cz;www.klaza.cz
Kolezsar Petr Ing.;pavel.urda@solight.cz;www.elektrokolezsar.cz
Koneèná Dana;jiri.pacl@solight.cz;www.hifimorava.cz
Koupý Pavel - Elektro;jiri.ondrejka@solight.cz;www.svitidla-blansko.wz.cz
Kováèik Stanislav - Tenel;radoslav.juricek@solight.cz;www.tenel.sk
KOVOSLUŽBA Praha, a.s.;jiri.lebduska@solight.cz;www.kovacek.cz
Kovovýroba J+K s.r.o.;jiri.ondrejka@solight.cz;www.kovovyroba-rehak.cz
Krèmáø Zdenìk Ing.;pavel.urda@solight.cz;www.ezk.cz
Krýdl Tomáš;adam.burkus@solight.cz;https://www.provysavace.cz/,  https://www.provysavace.sk/
Kupžárovky s.r.o.;jiri.lebduska@solight.cz;www.kupzarovky.cz
KVAPIL Josef a.s.;jiri.ondrejka@solight.cz;www.kvapil.cz
Labanc Ivan, Ing.;radoslav.juricek@solight.cz;www.svietidla-labanc.sk
Lavatronic s.r.o.;adam.burkus@solight.cz;https://www.vzdusin.cz/
LED - nice s.r.o.;adam.sokolovsky@solight.cz;http://led-nice.cz/
LEDart s.r.o.;ivan.slovak@solight.cz;https://www.ledakcia.sk/
LEDKO a.s.;jiri.lebduska@solight.cz;www.ledko.cz
LEDPROFES a.s.;pavel.urda@solight.cz;www.ledprofes.cz
LEDtech internet trade s.r.o.;adam.sokolovsky@solight.cz;www.led-tech.cz/
LED21 s.r.o.;michal.skalik@solight.cz;www.smdledzarovky.cz
Leginusz Tibor- Tricom;radoslav.juricek@solight.cz;www.tricom.sk
LENYK s.r.o.;pavel.urda@solight.cz;www.lenyk.cz, www.obchod.trendysvitidla.cz
Letr CZ s.r.o.;jiri.lebduska@solight.cz;www.naseobchody.cz
light-oled s.r.o.;michal.skalik@solight.cz;www.oledshop.cz
Linhart Miloš;pavel.urda@solight.cz;www.elektrolinhart.cz
LTC online s.r.o.;lukas.nemec@solight.cz;https://www.ledtechnics.cz
LUCA CZ, s.r.o.;adam.sokolovsky@solight.cz;https://eshop.luca.cz/
LUXOPROFI s.r.o.;martin.kroliczek@solight.cz;https://www.luxo.cz/
MAKENEX s.r.o.;michal.skalik@solight.cz;www.vesely-kutil.cz
Malínský Vítìzslav;martin.kroliczek@solight.cz;www.elektro-malinsky.cz
MAVEX  s.r.o.;michal.skalik@solight.cz;www.1nakup.cz, www.diagnosticketesty.cz, www.alko-tester.cz, www.0promile.cz
MAXMAX.cz, s.r.o.;jiri.ondrejka@solight.cz;www.maxmax.cz
MEEPS s.r.o.;marian.kusik@solight.cz;www.meeps.sk
MEGAPIXEL s.r.o.;michal.drinka@solight.cz;https://www.megapixel.cz/eshop
Migu s.r.o.;andrea.debicki@solight.cz;www.migu.cz
Mikšík Jiøí;pavel.urda@solight.cz;www.stavebninymiksik.cz
Mironet.cz  a.s.;jan.karal@solight.cz;www.mironet.cz
M&K TECHNOLOGY s.r.o.;michal.drinka@solight.cz;https://thcentrum.sk/
M&P invention, s.r.o.;pavel.vogeltanz@solight.cz;cs.luxusni-elektro.eu
MSO Trade a.s.;adam.sokolovsky@solight.cz;www.mereo.cz/
Multiloteri s.r.o.;jiri.ondrejka@solight.cz;www.multiloteri.com
NÁBYTKÁR Èeská republika, s.r.o.;adam.sokolovsky@solight.cz;https://eshop.nabytkar.com/
NAY a.s.;marian.kusik@solight.cz;www.nay.sk
NORTH SHOP, s.r.o.;michal.drinka@solight.cz;https://www.northshop.cz/
NP-DESIGN, s.r.o.;jiri.ondrejka@solight.cz;www.nabytek-kancelarsky.cz
OKAY Slovakia s.r.o.;jiri.ondrejka@solight.cz;www.okay.sk
OKAY s.r.o.;jiri.ondrejka@solight.cz;www.okay.cz
Omko Digital a.s.;michal.skalik@solight.cz;www.omko.cz, www.techniled.cz
ONIO s.r.o.;michal.skalik@solight.cz;www.rucni-naradi.cz
OPTIMAL TWIN s.r.o. (Karel Pelán);adam.sokolovsky@solight.cz;www.e-elektra.cz, www.brasnicky.cz, www.svetbatohu.cz
OravaSK s.r.o.;radoslav.juricek@solight.cz;www.oravask.sk
ORIGINAL INTERIER, stavby s.r.o.;adam.burkus@solight.cz;https://www.originalinterier.cz/ 
OSLAVAN, a.s.;adam.sokolovsky@solight.cz;https://eshop.oslavan.cz/
Pavlica elektro s.r.o.;pavel.urda@solight.cz;www.elektro-pavlica.com
PENTA CZ s.r.o.;michal.skalik@solight.cz;www.penta.cz
PERLACASA s.r.o.;adam.sokolovsky@solight.cz;www.i-domacipotreby.cz
Pevný Václav - VP Centrum;martin.kroliczek@solight.cz;www.vpcentrum.eu
PHT a.s.;pavel.urda@solight.cz;www.pht.cz, www.magg.cz
PLASTIMEX Prostìjov,spol.s r.o.;jiri.pacl@solight.cz;www.eshop-plastimexpv.cz
PLAY Electronics s.r.o.;marian.kusik@solight.cz;www.play.sk
Potten & Pannen - Stanìk group, spol. s r.o.;adam.burkus@solight.cz;https://www.pottenpannen.cz/
Premium Store s.r.o.;ivan.slovak@solight.cz;https://premiumstore.sk/
PRO BOTTARI s.r.o.;pavel.urda@solight.cz;www.probottari.cz
PRODICK s.r.o.;marian.kusik@solight.cz;www.prodick.sk
PROFI-STAR;radoslav.juricek@solight.cz;www.elektrostar.sk
PROKARAVAN s.r.o.;michal.drinka@solight.cz;https://hellors.cz/
Promptchat CZ s.r.o.;jiri.lebduska@solight.cz;www.digi-eshop.cz
ProRetail s.r.o.;michal.drinka@solight.cz;https://www.businessstyle.cz
PSK Elektro s.r.o.;jaroslav.stolc@solight.cz;www.pskelektro.sk
Q - ELEKTRIK a.s.;pavel.urda@solight.cz;www.q-elektrik.cz
Radek Juøínek s.r.o.;jiri.ondrejka@solight.cz;www.radekjurinek.cz
Radio plus, spol.s r.o.;pavel.urda@solight.cz;www.svetsoucastek.cz
RAMI CZ s.r.o.;jiri.ondrejka@solight.cz;www.rami.cz
Ratajský Radim, Bc.;jiri.ondrejka@solight.cz;www.posetri.cz
realshop.sk, s.r.o.;ivan.slovak@solight.cz; https://www.realshop.sk/
REDA a.s.;jiri.ondrejka@solight.cz;www.eshop.reda.cz
REKLAMA KUBÍÈEK spol. s r.o.;jiri.ondrejka@solight.cz;www.reklamakubicek.cz
REPAM ELEKTRO s.r.o.;pavel.urda@solight.cz;www.repam.cz
ROBOT WORLD s.r.o.;adam.burkus@solight.cz;https://www.roboticky-vysavac.cz, https://www.roboticky-vysavac.sk
ØÍDÍCÍ SYSTÉMY spol. s r.o.;adam.burkus@solight.cz;https://www.mamedoma.cz/, http://mamedoma.sk/, https://bionaire.cz/
SALTIC s.r.o.;jiri.ondrejka@solight.cz;www.saltic.cz
SATAN s.r.o.;martin.kroliczek@solight.cz;https://eshop.satan.cz/
SEIT s.r.o.;radoslav.juricek@solight.cz;www.seit.sk
SEVT, a. s.;michal.drinka@solight.cz;https://www.sevt.cz/
SHOP TRADING s.r.o.;jiri.lebduska@solight.cz;www.onlineshop.cz, www.dvorsky.cz
Shopen Group s.r.o.;michal.drinka@solight.cz;https://bagalio.cz/
SIKOV ROŽNOV s.r.o.;michal.skalik@solight.cz;www.ledvyrobky.cz
Skuèek Petr;jiri.lebduska@solight.cz;www.toplux.cz
Smarty CZ a.s.;michal.drinka@solight.cz;https://www.smarty.cz/, https://www.iwant.cz/
S.M.ELEKTRO s.r.o.;jiri.ondrejka@solight.cz;www.smelektro.cz
SOFTCOM Group s.r.o.;jan.karal@solight.cz;www.softcom.cz
Sonepar Èeská republika spol. s r.o.;dominik.benes@solight.cz;www.sonepar.cz
Sonnenschein Henrich- ITSK-pod K+B;ivan.slovak@solight.cz;www.itsk.sk
SportObchod.cz s.r.o.;michal.drinka@solight.cz;https://www.sportobchod.cz/
STABLECAM s.r.o.;michal.drinka@solight.cz;https://www.stablecam.com/shopcategory/
STAPROP-Marvan s.r.o.;adam.sokolovsky@solight.cz;www.staprop.cz
STARLUX, s.r.o.;radoslav.juricek@solight.cz;www.elampy.sk
Stavební spoleènost NAVRÁTIL, s.r.o.;jiri.pacl@solight.cz;www.navratilpv.cz
STEEL & COMPUTING s.r.o.;jiri.ondrejka@solight.cz;www.notex.cz
Store4 s.r.o.;michal.drinka@solight.cz;https://www.store4.cz/
Stroje a vybavení s.r.o.;pavel.urda@solight.cz;www.svarecky-obchod.cz
SUNTECH computer s.r.o.;pavel.vogeltanz@solight.cz;www.suntech.cz
SVÌT ŽÁROVEK, s.r.o.;martin.kroliczek@solight.cz;https://www.svetzarovek.eu/
Sviták Zdenìk;michal.drinka@solight.cz;https://www.kufry-zavazadla.eu/
Svítidla GIOVANNY s.r.o.;jiri.ondrejka@solight.cz;www.gsvitidla.cz
SVX S.R.O.;radoslav.juricek@solight.cz;www.svx.sk
SWS Distribution a.s.;marian.kusik@solight.cz;www.swsd.sk
Sýkorovský Petr - etašky;jan.karal@solight.cz;www.etasky.cz
Šálek s.r.o.;jiri.pacl@solight.cz;www.agroservispv.cz
Šerý Jaroslav;pavel.urda@solight.cz;www.toys-sery.cz
ŠEVT a.s.;radoslav.juricek@solight.cz;www.sevt.sk
ŠTEKEL, s.r.o.;radoslav.juricek@solight.cz;www.stekel.sk
T R I U M  spol. s r.o.;pavel.urda@solight.cz;www.1ledshop.cz
TABAÈIK - PRIEMTO s.r.o.;radoslav.juricek@solight.cz;www.priemto.sk
TAGER s.r.o.;radoslav.juricek@solight.cz;www.tager.sk
TAMA TOUR AGENCY s.r.o.;jan.karal@solight.cz;www.th-store.cz
TELINK, spol. s r.o.;michal.drinka@solight.cz;https://www.djitelink.cz/cs/2-e-shop
Tempo Kondela s.r.o.;marian.kusik@solight.cz;www.temponabytok.sk
TÌSMAT CZ s.r.o.;pavel.urda@solight.cz;www.mexo.cz
TEtech s.r.o.;michal.drinka@solight.cz;https://www.tetech.cz/
TIPA s.r.o.;pavel.urda@solight.cz;www.tipa.eu
Toplux Martin s.r.o.;marian.kusik@solight.cz;www.toplux.sk
TopRobot s. r. o.;ivan.slovak@solight.cz;https://www.toprobot.sk/
TPD - František Majtán;ivan.slovak@solight.cz; https://www.tpd.sk/
TRACO Computers s.r.o.;marian.kusik@solight.cz;www.tracocomputers.sk
Trefil Miroslav;pavel.urda@solight.cz;www.trefaelektro.cz
T.S.BOHEMIA a.s.;michal.drinka@solight.cz;https://www.tsbohemia.cz/
UNI HOBBY, a.s.;pavel.urda@solight.cz;www.unihobby.cz
United IT Services, s.r.o.;michal.drinka@solight.cz;https://www.mojbatoh.sk/
VALLENS s.r.o.;adam.burkus@solight.cz;www.cistysvet.cz, www.cleanzone.cz 
VALMAX Led Eco s.r.o.;adam.sokolovsky@solight.cz;www.valmax.cz/valmax-e-shop
VATACK s.r.o.;adam.burkus@solight.cz;www.vatack.cz
Vavøík Zdenìk - AuVa;michal.skalik@solight.cz;www.auva.cz
Vejrosta Miroslav;jiri.lebduska@solight.cz;www.kvalitni-svitidla.cz
Vermat s.r.o.;martin.kroliczek@solight.cz;www.moje-elektro.cz
V.H.V. s.r.o.;jiri.lebduska@solight.cz;www.eshop.vhv.cz
VIKON s.r.o.;radoslav.juricek@solight.cz;www.vikon.sk
Vilášek Alfons;michal.drinka@solight.cz;http://www.vilasek.eu/
Vogeltanzová Jitka;michal.drinka@solight.cz;https://www.batohy-skolni.eu/
Volný Petr;jiri.ondrejka@solight.cz;www.eneshop.cz
Vrábel Tibor -  SEZAM;radoslav.juricek@solight.cz;www.stopalarm.sk
Wadowská Jana;michal.skalik@solight.cz;www.auto-doplnky.com
WESTech, spol. s r.o.;radoslav.juricek@solight.cz;www.istores.sk
Woodensky SK s.r.o.;marian.kusik@solight.cz;www.esol.sk
X-bags Praha s.r.o.;michal.drinka@solight.cz;https://www.xbagsstore.cz/
XEVOS Solutions s.r.o.;dominik.benes@solight.cz;https://xevos.store/
Zahradnické centrum Jelínek s.r.o.;pavel.urda@solight.cz;www.zahradnictvi-jelinek.cz
Zásobování a.s.;jan.karal@solight.cz;www.eva.cz
ZCZ s.r.o.;martin.kroliczek@solight.cz;www.kak.cz, www.smartelektro.cz, www.sofashop.cz, www.stavbaeu.cz, www.mader.cz, shop.elektro-sychra.cz
ZOOT a.s.;michal.drinka@solight.cz;www.zoot.cz
Železáøství Oldøich Barták s.r.o.;lukas.nemec@solight.cz;https://www.shopusroubka.cz
4home, a.s.;dominik.benes@solight.cz;https://www.4home.cz/
Advans Vis s.r.o;andrea.debicki@solight.cz;www.biofreshkosmetika.cz
AIT SOLUTION s.r.o.;andrea.debicki@solight.cz;www.aitsolution.cz
Altair Bohemia, s.r.o.;andrea.debicki@solight.cz;www.shop.altair.cz
Anna Georgieva Stanimirova;andrea.debicki@solight.cz;www.anivo.cz
APEX Computer s r.o.;andrea.debicki@solight.cz;www.apex.ekatalog.biz
ARBYD CZ s.r.o.;andrea.debicki@solight.cz;www.designovynabytek.cz
Auto-Bus.cz - Svoboda s.r.o.;andrea.debicki@solight.cz;www.auto-bus.cz/e-shop
AZ LONY,s.r.o.;andrea.debicki@solight.cz;www.lony.cz/e-shop/
B LUX s.r.o.;andrea.debicki@solight.cz;www.svitidla-osvetleni.eu
Baliarne obchodu a.s. Poprad;andrea.debicki@solight.cz;www.popradske.sk, www.mistraltea.sk
BEC družstvo - Business and Employment Co-operative;andrea.debicki@solight.cz;www.elebox.cz
Bobrik Pavel;andrea.debicki@solight.cz;www.vysilackymilin.cz
COMTEX s.r.o.;andrea.debicki@solight.cz;www.kupsionline.cz
CS COMPANY CZ, s.r.o.;andrea.debicki@solight.cz;www.ardesiashop.cz
CZ Patriot s.r.o.;andrea.debicki@solight.cz;www.czpatriot.cz
Èervenec Josef;andrea.debicki@solight.cz;www.vitaplant.cz
DATA-SERVIS - VRABE¼, s.r.o.;andrea.debicki@solight.cz;www.pokladnicedata.sk
DOMTEL s.r.o.;andrea.debicki@solight.cz;www.domtel.cz, www.domofon.cz, www.kontrolavstupu.cz, www.ironlogic.cz
Drogerie Kaška s.r.o.;andrea.debicki@solight.cz;www.drogeriekaska.cz/eshop/
Elecom s.r.o.;andrea.debicki@solight.cz;www.elecom.sk
ELEKTRO - SYCHRA, spol. s r.o.;andrea.debicki@solight.cz;www.shop.elektro-sychra.cz
ELEKTRO - ŽELEZÁØSTVÍ DUFEK s.r.o.;andrea.debicki@solight.cz;www.pohodlnenakupovani.cz
ElektroRadce.cz s.r.o.;andrea.debicki@solight.cz;www.prosvetlo.cz
ELKLIK s.r.o.;andrea.debicki@solight.cz;www.elklik.cz
ESCAPE IT Expert s.r.o.;andrea.debicki@solight.cz;www.escape.cz/eshop
EuroFire, spol. s r.o.;andrea.debicki@solight.cz;www.eurofire.cz
Euroklíma, s.r.o.;andrea.debicki@solight.cz;www.euroklima.sk
Ferjanèiè  Michal Ing.;andrea.debicki@solight.cz;www.yenzde.cz
Filip Michal;andrea.debicki@solight.cz;www.setrice.eu
GENERAL COMPUTERS s.r.o.;andrea.debicki@solight.cz;www.shop.g-comp.cz
Hainrich Pavel;andrea.debicki@solight.cz;www.dianashop.cz
Hána Tomáš;andrea.debicki@solight.cz;www.thelektro.cz
Hanáková Adéla;andrea.debicki@solight.cz;www.element-shop.cz
Hlinìný Lukáš;andrea.debicki@solight.cz;www.kondik.cz
Holders s.r.o.;andrea.debicki@solight.cz;www.televiznidrzaky.cz, www.drzaknamonitor.cz, www.dovody.cz, www.lacnedrziaky.sk, www.dovody.sk
INFOTO s.r.o.;andrea.debicki@solight.cz;www.infoto.cz, www.dalekohledy-fomei.cz
Interactive Vision s.r.o;andrea.debicki@solight.cz;www.interactivevision.co, www.ledlampy.sk
KB sport HK, spol. s r. o.;andrea.debicki@solight.cz;www.kbsport.cz, www.xdecor.cz, www.udirny.eu, www.zahradni-grily.com
KESA, s. r. o.;andrea.debicki@solight.cz;www.kesa.cz
KLIMAÈEK s.r.o.;andrea.debicki@solight.cz;www.klimatizace-rekuperace.cz
KMITEX s.r.o.;andrea.debicki@solight.cz;www.eshop.kmitex.cz
Kratochvílová Jana;andrea.debicki@solight.cz;www.televizepichlik.cz
LS servis ELEKTRO s.r.o.;andrea.debicki@solight.cz;www.lseshop.cz
Mach Daniel;andrea.debicki@solight.cz;www.ukrtecka.cz
MAJT s.r.o.;andrea.debicki@solight.cz;www.entershop.cz
MATRIXMOBILE, s.r.o.;andrea.debicki@solight.cz;www.matrixmobil.sk
MAXI STORE Praha, s.r.o.;andrea.debicki@solight.cz;www.maxistore.cz
Medicton Group s.r.o.;andrea.debicki@solight.cz;www.shop.medicton.com
Mìkyna Erik ;andrea.debicki@solight.cz;www.bria.cz
Migu s.r.o.;andrea.debicki@solight.cz;www.migu.cz, www.osvetleniaz.cz, www.detektoryvysocina.cz
nanoTECH s.r.o.;andrea.debicki@solight.cz;www.citycomp.sk, www.TechStore.sk
network24 s.r.o.;andrea.debicki@solight.cz;eshop.campervans.cz
Nexus Technology s.r.o.;andrea.debicki@solight.cz;www.apple4you.sk
PENDA s.r.o.;andrea.debicki@solight.cz;www.tisknulevne.cz
Podroužková Jana;andrea.debicki@solight.cz;www.dhaara.cz
PREMO s.r.o.;andrea.debicki@solight.cz;www.eshop.premocz.eu
Procházková Barbora - BTshop;andrea.debicki@solight.cz;www.btshop.cz
Pùhoný Jan, Ing.;andrea.debicki@solight.cz;www.puhy.cz, ww.led-zarovka.eu, www.prodluzovacky.cz
Pure System s.r.o.;andrea.debicki@solight.cz;www.puresystem.cz/e-shop, www.ozon-generator.cz/e-shop, www.upravavody-eshop.cz/e-shop, www.ionizator-vody.eu/e-shop
REALTIME TECHNOLOGIES s.r.o.;andrea.debicki@solight.cz;www.realtimeshop.cz
REKLAMA CENTRUM, spol. s r.o.;andrea.debicki@solight.cz;www.reklama-centrum.cz
ROCKART s.r.o.;andrea.debicki@solight.cz;www.rockway.cz
Rosendorfský Zdenìk ;andrea.debicki@solight.cz;www.artexpolna.cz, www.smart-zahrady.cz/e-shop
Rybáøùv krámek - Volodymyr Kudryavtsev;andrea.debicki@solight.cz;www.rybaruvkramek.cz
Servis Technik s.r.o.;andrea.debicki@solight.cz;www.st-potapeni.cz, www.nauticam.cz, 
Smart One s.r.o.;andrea.debicki@solight.cz;www.eshop.smart1.cz
Smart Print s.r.o.;andrea.debicki@solight.cz;www.tisknuzatretinu.cz, www.tonerklik.cz
STAJAM, s.r.o.;andrea.debicki@solight.cz;www.bikeprodejna.cz, www.pneuprodejna.cz, www.vseprolyze.cz
SUMA s.r.o.;andrea.debicki@solight.cz;www.shop.sumanet.cz
Svrèek Jiøí;andrea.debicki@solight.cz;www.elektrovia.cz
SYSPRO s.r.o.;andrea.debicki@solight.cz;www.sysproshop.cz
Šíp Roman;andrea.debicki@solight.cz;www.elsip.cz
TelEric, s.r.o.;andrea.debicki@solight.cz;www.teleric.cz/shop
TIMECORP s.r.o.;andrea.debicki@solight.cz;www.timecorp-led.cz
TIRACO s.r.o.;andrea.debicki@solight.cz;www.klikled.cz, www.decorlighting.cz, www.vanocniled.cz
UNISYX, s.r.o.;andrea.debicki@solight.cz;www.eshop.unisyx.cz
Urban Jaroslav;andrea.debicki@solight.cz;www.novaruda.cz, www.tabletovasul.cz
VIA VENANDI s.r.o.;andrea.debicki@solight.cz;www.e-myslivost.cz, www.e-polovnictvo.sk
VMS VISION, s.r.o.;andrea.debicki@solight.cz;www.eshop.vms.cz
Vodhánil Pavel;andrea.debicki@solight.cz;www.elektrokola-kolobezky.cz
VUJO s.r.o.;andrea.debicki@solight.cz;www.eshop.vujo.cz
WELLNET, s.r.o.;andrea.debicki@solight.cz;www.wellnet.sk
Zachová Radka;andrea.debicki@solight.cz;www.tvojehodinky.cz
Zlámal Milan;andrea.debicki@solight.cz;www.eshophodinek.cz, www.gtup.cz, www.karoapp.cz, www.lasika.cz
3CH s.r.o.;andrea.debicki@solight.cz;www.terarijni-potreby.cz, www.eshop.reptieye.cz
